순위,지역 (주산지),대표 품종,특징 및 인지도
1,경북 청송,후지 (부사),대한민국 사과 생산량 1위 지역의 대표 품종. '청송 사과'는 부사 특유의 아삭함과 높은 당도로 전국적인 인지도를 가집니다.
2,경북 문경,감홍,"문경의 특화 품종으로, '사과의 왕'이라 불릴 만큼 당도가 매우 높습니다. 10월 중순에만 맛볼 수 있는 귀한 명품 사과입니다."
3,경북 청송,시나노골드,최근 '황금사과' 열풍의 주역입니다. 청송군에서 '황금진'이라는 브랜드로 집중 육성하며 노란 사과 시장을 선도하고 있습니다.
4,전북 장수,홍로,고지대의 시원한 기후 덕분에 색이 진하고 당도가 높습니다. 추석 명절용 사과의 대명사로 장수 홍로가 매우 유명합니다.
5,경북 예천,피크닉,예천군에서 지역 특화 품종으로 선점한 국산 사과입니다. 테니스공 크기의 작은 사이즈로 나들이용이나 도시락용으로 인기가 높습니다.
6,강원 홍천,컬러플,기후 변화로 인해 강원이 새로운 사과 산지로 떠오르며 주목받는 품종입니다. 껍질이 매끈하고 빨갛며 식감이 아주 아삭합니다.
7,충북 충주,부사 (후지),전통적인 사과 명산지입니다. 충주 사과는 일교차가 큰 분지 지형 덕분에 육질이 단단하고 저장성이 뛰어나기로 유명합니다.
8,대구 군위,골든볼,대구와 군위 지역에서 육성하는 노란색 여름 사과입니다. 착색을 위한 노동력이 들지 않아 농가와 소비자 모두에게 주목받고 있습니다.
9,경북 김천,황옥,김천에서 지역 특화 품종으로 대단위 단지를 조성한 노란 사과입니다. 당도와 산도의 조화가 뛰어나 주스용으로도 인기가 많습니다.
10,전북 익산,아리수,기온이 높은 지역에서도 색이 잘 나는 국산 신품종입니다. 익산 등 평야 지대에서 '홍로'를 대체할 고품질 사과로 주목받고 있습니다.