순위,지역 (주산지),대표 품종,특징 및 인지도
1,전남 나주,신고,대한민국 배의 대명사. 영산강 유역의 비옥한 토양에서 자라 과즙이 풍부하고 석세포가 적어 식감이 아주 부드럽습니다.
2,충남 천안(성환),신고,"100년 전통의 산지. 구릉 지대에서 재배되어 배수 조건이 좋아 당도가 높고, 육질이 단단하여 저장성이 매우 뛰어납니다."
3,경기 안성,신고,"수도권의 대표 산지로, 일교차가 큰 기후 덕분에 당도가 높고 향이 진해 명절 선물용으로 최고급 대접을 받습니다."
4,울산 울주,황금배,"수출 효자 품종. 껍질이 얇고 노란빛을 띠며, 석세포가 거의 없어 입안에서 녹는듯한 식감과 깔끔한 단맛이 특징입니다."
5,경기 남양주,먹골배 (신고),조선 시대부터 왕실에 진상되던 유서 깊은 배입니다. 봉화산 주변의 사질토에서 자라 껍질이 얇고 당도가 높기로 유명합니다.
6,경북 상주,원황,"대표적인 여름 배. 추석 전에 수확되는 조생종으로, 과즙이 매우 많고 새콤달콤한 맛이 조화로워 여름철 인기가 높습니다."
7,충남 아산,신고,"천안과 인접한 주산지로, 현대적인 재배 시설과 엄격한 당도 선별을 통해 균일하고 높은 품질의 배를 생산합니다."
8,경남 진주(문산),신고 / 원황,"남부 지방의 따뜻한 기후 덕분에 수확 시기가 빠르고, 과육이 연하며 수분 함량이 매우 높은 것이 특징입니다."
9,전남 영암,창조,농촌진흥청이 개발한 국산 신품종입니다. 신고보다 당도가 높고 아삭함이 뛰어나 최근 나주와 함께 전남의 핵심 품종으로 부상 중입니다.
10,강원 양양,신고,고랭지 해풍 배. 비교적 늦게 수확되지만 해풍을 맞고 자라 육질이 아주 단단하고 당도가 응축되어 있어 마니아층이 두텁습니다.