순위,지역 (주산지),특징 및 유명세
1,경북 김천,"국내 최대 주산지. 전국에서 가장 먼저 샤인머스캣을 대규모로 재배하기 시작했으며, 생산량이 가장 많고 숙련된 농가가 많습니다."
2,경북 상주,"고품질 명성. 김천과 더불어 양대 산맥으로 꼽히며, 수출용 고품질 샤인머스캣 생산에 특화되어 있습니다. 당도 관리가 엄격하기로 유명합니다."
3,경북 영천,높은 일조량. '별의 도시'답게 햇빛이 좋아 당도가 높고 포도 알이 단단하게 맺히는 것이 특징입니다.
4,경북 경산,"전통의 포도 산지. 기존 머루포도나 거봉 산지에서 샤인머스캣으로 성공적인 전환을 이룬 곳으로, 재배 기술력이 매우 높습니다."
5,충북 영동,과일의 성지. 일교차가 큰 지형 덕분에 특유의 망고 향과 달콤한 풍미가 진하게 나타나기로 유명합니다.
6,충남 천안(입장),거봉의 노하우. 명성 높은 입장 거봉의 재배 기술을 접목하여 알이 크고 고른 품질을 자랑합니다.
7,강원 영월,고랭지 사각거림. 비교적 높은 기온 차 덕분에 육질이 더 아삭하고 식감이 뛰어납니다.
8,경북 경주,"해풍과 햇살. 경주의 풍부한 일조량을 받고 자라 당도가 안정적이며, 최근 프리미엄 브랜드화에 힘쓰고 있습니다."
9,경기 화성(송산),"해풍 사과와 포도. 서해안 해풍을 맞고 자라 미네랄이 풍부하며, 수도권과 가까워 신선도가 매우 높은 상태로 유통됩니다."
10,전북 남원,"지리산 자락. 지리산 고랭지에서 재배되어 일반 평지보다 수확은 늦지만, 저장성이 좋고 향이 진하다는 평가를 받습니다."
